game_id,game_date,H_A,Team_Abbrev,Team_Score,Opponent_Abbrev,Opponent_Score
202204100BRK,4/10/2022,A,IND,126,BRK,134
202204100CHO,4/10/2022,A,WAS,108,CHO,124
202204100CLE,4/10/2022,A,MIL,115,CLE,133
202204100DAL,4/10/2022,A,SAS,120,DAL,130
202204100DEN,4/10/2022,A,LAL,146,DEN,141
202204100HOU,4/10/2022,A,ATL,130,HOU,114
202204100LAC,4/10/2022,A,OKC,88,LAC,138
202204100MEM,4/10/2022,A,BOS,139,MEM,110
202204100MIN,4/10/2022,A,CHI,124,MIN,120
202204100NOP,4/10/2022,A,GSW,128,NOP,107
202204100NYK,4/10/2022,A,TOR,94,NYK,105
202204100ORL,4/10/2022,A,MIA,111,ORL,125
202204100PHI,4/10/2022,A,DET,106,PHI,118
202204100PHO,4/10/2022,A,SAC,116,PHO,109
202204100POR,4/10/2022,A,UTA,111,POR,80
202204090LAC,4/9/2022,A,SAC,98,LAC,117
202204050SAC,4/5/2022,H,SAC,109,NOP,123
202204030SAC,4/3/2022,H,SAC,90,GSW,109
202204010HOU,4/1/2022,A,SAC,122,HOU,117
202203300HOU,3/30/2022,A,SAC,121,HOU,118
202203280MIA,3/28/2022,A,SAC,100,MIA,123
202203260ORL,3/26/2022,A,SAC,114,ORL,110
202203230IND,3/23/2022,A,SAC,110,IND,109
202203200SAC,3/20/2022,H,SAC,124,PHO,127
202203180SAC,3/18/2022,H,SAC,97,BOS,126
202203160SAC,3/16/2022,H,SAC,126,MIL,135
202203140SAC,3/14/2022,H,SAC,112,CHI,103
202203120UTA,3/12/2022,A,SAC,125,UTA,134
202203090SAC,3/9/2022,H,SAC,100,DEN,106
202203070SAC,3/7/2022,H,SAC,115,NYK,131
202203050DAL,3/5/2022,A,SAC,113,DAL,114
202203030SAS,3/3/2022,A,SAC,115,SAS,112
202203020NOP,3/2/2022,A,SAC,95,NOP,125
202202280OKC,2/28/2022,A,SAC,131,OKC,110
202202260DEN,2/26/2022,A,SAC,110,DEN,115
202202240SAC,2/24/2022,H,SAC,110,DEN,128
202202140BRK,2/14/2022,A,SAC,85,BRK,109
202202120WAS,2/12/2022,A,SAC,123,WAS,110
202202090SAC,2/9/2022,H,SAC,132,MIN,119
202202080SAC,2/8/2022,H,SAC,114,MIN,134
202202050SAC,2/5/2022,H,SAC,113,OKC,103
202202030GSW,2/3/2022,A,SAC,114,GSW,126
202110200POR,10/20/2021,A,SAC,124,POR,121
202110220SAC,10/22/2021,H,SAC,101,UTA,110
202110240SAC,10/24/2021,H,SAC,107,GSW,119
202110270PHO,10/27/2021,A,SAC,110,PHO,107
202110290NOP,10/29/2021,A,SAC,113,NOP,109
202110310DAL,10/31/2021,A,SAC,99,DAL,105
202111020UTA,11/2/2021,A,SAC,113,UTA,119
202111030SAC,11/3/2021,H,SAC,112,NOP,99
202111050SAC,11/5/2021,H,SAC,140,CHO,110
202111070SAC,11/7/2021,H,SAC,91,IND,94
202111080SAC,11/8/2021,H,SAC,104,PHO,109
202111100SAS,11/10/2021,A,SAC,117,SAS,136
202111120OKC,11/12/2021,A,SAC,103,OKC,105
202111150DET,11/15/2021,A,SAC,129,DET,107
202111170MIN,11/17/2021,A,SAC,97,MIN,107
202111190SAC,11/19/2021,H,SAC,89,TOR,108
202111200SAC,11/20/2021,H,SAC,105,UTA,123
202111220SAC,11/22/2021,H,SAC,94,PHI,102
202111240SAC,11/24/2021,H,SAC,125,POR,121
202112080SAC,12/8/2021,H,SAC,142,ORL,130
202112100CHO,12/10/2021,A,SAC,123,CHO,124
202112110CLE,12/11/2021,A,SAC,103,CLE,117
202112130TOR,12/13/2021,A,SAC,101,TOR,124
202112150SAC,12/15/2021,H,SAC,119,WAS,105
202112290SAC,12/29/2021,H,SAC,95,DAL,94
202112310SAC,12/31/2021,H,SAC,96,DAL,112
202201020SAC,1/2/2022,H,SAC,115,MIA,113
202201040LAL,1/4/2022,A,SAC,114,LAL,122
202201050SAC,1/5/2022,H,SAC,102,ATL,108
202201070DEN,1/7/2022,A,SAC,111,DEN,121
202201090POR,1/9/2022,A,SAC,88,POR,103
202201100SAC,1/10/2022,H,SAC,108,CLE,109
202201120SAC,1/12/2022,H,SAC,125,LAL,116
202201140SAC,1/14/2022,H,SAC,126,HOU,114
202201160SAC,1/16/2022,H,SAC,112,HOU,118
202201190SAC,1/19/2022,H,SAC,131,DET,133
202201220MIL,1/22/2022,A,SAC,127,MIL,133
202201250BOS,1/25/2022,A,SAC,75,BOS,128
202201260ATL,1/26/2022,A,SAC,104,ATL,121
202201290PHI,1/29/2022,A,SAC,101,PHI,103
202201310NYK,1/31/2022,A,SAC,96,NYK,116
202202020SAC,2/2/2022,H,SAC,112,BRK,101
202111260LAL,11/26/2021,A,SAC,141,LAL,137
202111280MEM,11/28/2021,A,SAC,101,MEM,128
202111300SAC,11/30/2021,H,SAC,92,LAL,117
202112010LAC,12/1/2021,A,SAC,124,LAC,115
202112040SAC,12/4/2021,H,SAC,104,LAC,99
202202160CHI,2/16/2022,A,SAC,118,CHI,125
202112170SAC,12/17/2021,H,SAC,105,MEM,124
202112190SAC,12/19/2021,H,SAC,121,SAS,114
202112200GSW,12/20/2021,A,SAC,98,GSW,113
202112220SAC,12/22/2021,H,SAC,89,LAC,105
202112260SAC,12/26/2021,H,SAC,102,MEM,127
202112280SAC,12/28/2021,H,SAC,117,OKC,111
202204060LAC,4/6/2022,H,LAC,113,PHO,109
202204030LAC,4/3/2022,H,LAC,119,NOP,100
202203310CHI,3/31/2022,A,LAC,130,CHI,135
202203290LAC,3/29/2022,H,LAC,121,UTA,115
202110210GSW,10/21/2021,A,LAC,113,GSW,115
202110230LAC,10/23/2021,H,LAC,114,MEM,120
202110250LAC,10/25/2021,H,LAC,116,POR,86
202110270LAC,10/27/2021,H,LAC,79,CLE,92
202110290POR,10/29/2021,A,LAC,92,POR,111
202111010LAC,11/1/2021,H,LAC,99,OKC,94
202111030MIN,11/3/2021,A,LAC,126,MIN,115
202111050MIN,11/5/2021,A,LAC,104,MIN,84
202111070LAC,11/7/2021,H,LAC,120,CHO,106
202111090LAC,11/9/2021,H,LAC,117,POR,109
202111110LAC,11/11/2021,H,LAC,112,MIA,109
202111130LAC,11/13/2021,H,LAC,129,MIN,102
202111140LAC,11/14/2021,H,LAC,90,CHI,100
202111160LAC,11/16/2021,H,LAC,106,SAS,92
202111180MEM,11/18/2021,A,LAC,108,MEM,120
202111190NOP,11/19/2021,A,LAC,81,NOP,94
202111210LAC,11/21/2021,H,LAC,97,DAL,91
202111230LAC,11/23/2021,H,LAC,104,DAL,112
202111260LAC,11/26/2021,H,LAC,107,DET,96
202111280LAC,11/28/2021,H,LAC,90,GSW,105
202111290LAC,11/29/2021,H,LAC,104,NOP,123
202112030LAL,12/3/2021,A,LAC,119,LAL,115
202112060POR,12/6/2021,A,LAC,102,POR,90
202112080LAC,12/8/2021,H,LAC,114,BOS,111
202112200LAC,12/20/2021,H,LAC,92,SAS,116
202204010MIL,4/1/2022,A,LAC,153,MIL,119
202203250LAC,3/25/2022,H,LAC,97,PHI,122
202203220DEN,3/22/2022,A,LAC,115,DEN,127
202203180UTA,3/18/2022,A,LAC,92,UTA,121
202203160LAC,3/16/2022,H,LAC,100,TOR,103
202203140CLE,3/14/2022,A,LAC,111,CLE,120
202203130DET,3/13/2022,A,LAC,106,DET,102
202203110ATL,3/11/2022,A,LAC,106,ATL,112
202203090LAC,3/9/2022,H,LAC,115,WAS,109
202203080GSW,3/8/2022,A,LAC,97,GSW,112
202203060LAC,3/6/2022,H,LAC,93,NYK,116
202203030LAC,3/3/2022,H,LAC,132,LAL,111
202203010HOU,3/1/2022,A,LAC,113,HOU,100
202202270HOU,2/27/2022,A,LAC,99,HOU,98
202202250LAL,2/25/2022,A,LAC,105,LAL,102
202202170LAC,2/17/2022,H,LAC,142,HOU,111
202202150PHO,2/15/2022,A,LAC,96,PHO,103
202202140LAC,2/14/2022,H,LAC,119,GSW,104
202202120DAL,2/12/2022,A,LAC,99,DAL,97
202202100DAL,2/10/2022,A,LAC,105,DAL,112
202202080MEM,2/8/2022,A,LAC,109,MEM,135
202202060LAC,2/6/2022,H,LAC,113,MIL,137
202202030LAC,2/3/2022,H,LAC,111,LAL,110
202112180OKC,12/18/2021,A,LAC,103,OKC,104
202201060PHO,1/6/2022,A,LAC,89,PHO,106
202201080LAC,1/8/2022,H,LAC,108,MEM,123
202201090LAC,1/9/2022,H,LAC,106,ATL,93
202201110LAC,1/11/2022,H,LAC,87,DEN,85
202201130NOP,1/13/2022,A,LAC,89,NOP,113
202201150SAS,1/15/2022,A,LAC,94,SAS,101
202201170LAC,1/17/2022,H,LAC,139,IND,133
202201210PHI,1/21/2022,A,LAC,102,PHI,101
202201230NYK,1/23/2022,A,LAC,102,NYK,110
202201250WAS,1/25/2022,A,LAC,116,WAS,115
202201260ORL,1/26/2022,A,LAC,111,ORL,102
202201280MIA,1/28/2022,A,LAC,114,MIA,121
202201310IND,1/31/2022,A,LAC,116,IND,122
202112260LAC,12/26/2021,H,LAC,100,DEN,103
202112110LAC,12/11/2021,H,LAC,106,ORL,104
202112130LAC,12/13/2021,H,LAC,111,PHO,95
202112150UTA,12/15/2021,A,LAC,103,UTA,124
202201190DEN,1/19/2022,A,LAC,128,DEN,130
202201300CHO,1/30/2022,A,LAC,115,CHO,90
202112270LAC,12/27/2021,H,LAC,108,BRK,124
202112290BOS,12/29/2021,A,LAC,91,BOS,82
202112310TOR,12/31/2021,A,LAC,108,TOR,116
202201010BRK,1/1/2022,A,LAC,120,BRK,116
202201030LAC,1/3/2022,H,LAC,104,MIN,122
202204090MEM,4/9/2022,A,NOP,114,MEM,141
202204070NOP,4/7/2022,H,NOP,127,POR,94
202204010LAL,4/1/2022,A,NOP,114,LAL,111
202203300POR,3/30/2022,A,NOP,117,POR,107
202203270NOP,3/27/2022,H,NOP,116,LAL,108
202203260NOP,3/26/2022,H,NOP,103,SAS,107
202203240NOP,3/24/2022,H,NOP,126,CHI,109
202203210CHO,3/21/2022,A,NOP,103,CHO,106
202203200ATL,3/20/2022,A,NOP,117,ATL,112
202203180SAS,3/18/2022,A,NOP,124,SAS,91
202203150NOP,3/15/2022,H,NOP,115,PHO,131
202203090NOP,3/9/2022,H,NOP,102,ORL,108
202203080MEM,3/8/2022,A,NOP,111,MEM,132
202203060DEN,3/6/2022,A,NOP,130,DEN,138
202203040NOP,3/4/2022,H,NOP,124,UTA,90
202202270LAL,2/27/2022,A,NOP,123,LAL,95
202202250PHO,2/25/2022,A,NOP,117,PHO,102
202202170NOP,2/17/2022,H,NOP,118,DAL,125
202202150NOP,2/15/2022,H,NOP,109,MEM,121
202202140NOP,2/14/2022,H,NOP,120,TOR,90
202202120NOP,2/12/2022,H,NOP,114,SAS,124
202202100NOP,2/10/2022,H,NOP,97,MIA,112
202203130NOP,3/13/2022,H,NOP,130,HOU,105
202203110NOP,3/11/2022,H,NOP,120,CHO,142
202202040DEN,2/4/2022,A,NOP,113,DEN,105
202202080NOP,2/8/2022,H,NOP,110,HOU,97
202202060HOU,2/6/2022,A,NOP,120,HOU,107
202110200NOP,10/20/2021,H,NOP,97,PHI,117
202110220CHI,10/22/2021,A,NOP,112,CHI,128
202110230MIN,10/23/2021,A,NOP,89,MIN,96
202110250MIN,10/25/2021,A,NOP,107,MIN,98
202110270NOP,10/27/2021,H,NOP,99,ATL,102
202111050GSW,11/5/2021,A,NOP,85,GSW,126
202111080DAL,11/8/2021,A,NOP,92,DAL,108
202111130NOP,11/13/2021,H,NOP,112,MEM,101
202111150WAS,11/15/2021,A,NOP,100,WAS,105
202111170MIA,11/17/2021,A,NOP,98,MIA,113
202111200IND,11/20/2021,A,NOP,94,IND,111
202111220NOP,11/22/2021,H,NOP,96,MIN,110
202111240NOP,11/24/2021,H,NOP,127,WAS,102
202111260UTA,11/26/2021,A,NOP,98,UTA,97
202111270UTA,11/27/2021,A,NOP,105,UTA,127
202112010NOP,12/1/2021,H,NOP,107,DAL,139
202112030DAL,12/3/2021,A,NOP,107,DAL,91
202112050HOU,12/5/2021,A,NOP,108,HOU,118
202112080NOP,12/8/2021,H,NOP,114,DEN,120
202112100NOP,12/10/2021,H,NOP,109,DET,93
202112120SAS,12/12/2021,A,NOP,97,SAS,112
202112150OKC,12/15/2021,A,NOP,113,OKC,110
202112170NOP,12/17/2021,H,NOP,116,MIL,112
202112210NOP,12/21/2021,H,NOP,111,POR,97
202112230ORL,12/23/2021,A,NOP,110,ORL,104
202112260OKC,12/26/2021,A,NOP,112,OKC,117
202201030NOP,1/3/2022,H,NOP,104,UTA,115
202201040NOP,1/4/2022,H,NOP,110,PHO,123
202201060NOP,1/6/2022,H,NOP,101,GSW,96
202201090TOR,1/9/2022,A,NOP,101,TOR,105
202201110NOP,1/11/2022,H,NOP,128,MIN,125
202201150BRK,1/15/2022,A,NOP,105,BRK,120
202201170BOS,1/17/2022,A,NOP,92,BOS,104
202201200NYK,1/20/2022,A,NOP,102,NYK,91
202201250PHI,1/25/2022,A,NOP,107,PHI,117
202202010DET,2/1/2022,A,NOP,111,DET,101
202110300NOP,10/30/2021,H,NOP,117,NYK,123
202111020PHO,11/2/2021,A,NOP,100,PHO,112
202111100NOP,11/10/2021,H,NOP,100,OKC,108
202111120NOP,11/12/2021,H,NOP,112,BRK,120
202201010MIL,1/1/2022,A,NOP,113,MIL,136
202201240NOP,1/24/2022,H,NOP,117,IND,113
202201280NOP,1/28/2022,H,NOP,105,DEN,116
202201290NOP,1/29/2022,H,NOP,97,BOS,107
202201310CLE,1/31/2022,A,NOP,90,CLE,93
202112280NOP,12/28/2021,H,NOP,108,CLE,104
202203180ATL,3/18/2022,A,MEM,105,ATL,120
202203130OKC,3/13/2022,A,MEM,125,OKC,118
202203110MEM,3/11/2022,H,MEM,118,NYK,114
202203060HOU,3/6/2022,A,MEM,112,HOU,123
202203050MEM,3/5/2022,H,MEM,124,ORL,96
202203030BOS,3/3/2022,A,MEM,107,BOS,120
202202280MEM,2/28/2022,H,MEM,118,SAS,105
202202260CHI,2/26/2022,A,MEM,116,CHI,110
202202240MIN,2/24/2022,A,MEM,114,MIN,119
202202160MEM,2/16/2022,H,MEM,119,POR,123
202202120CHO,2/12/2022,A,MEM,125,CHO,118
202202100DET,2/10/2022,A,MEM,132,DET,107
202202050ORL,2/5/2022,A,MEM,135,ORL,115
202110200MEM,10/20/2021,H,MEM,132,CLE,121
202110240LAL,10/24/2021,A,MEM,118,LAL,121
202110270POR,10/27/2021,A,MEM,96,POR,116
202110280GSW,10/28/2021,A,MEM,104,GSW,101
202110300MEM,10/30/2021,H,MEM,103,MIA,129
202111010MEM,11/1/2021,H,MEM,106,DEN,97
202111030MEM,11/3/2021,H,MEM,108,DEN,106
202111050WAS,11/5/2021,A,MEM,87,WAS,115
202111080MEM,11/8/2021,H,MEM,125,MIN,118
202111100MEM,11/10/2021,H,MEM,108,CHO,118
202111120MEM,11/12/2021,H,MEM,94,PHO,119
202111150MEM,11/15/2021,H,MEM,136,HOU,102
202111200MIN,11/20/2021,A,MEM,95,MIN,138
202111220UTA,11/22/2021,A,MEM,119,UTA,118
202111240MEM,11/24/2021,H,MEM,113,TOR,126
202111260MEM,11/26/2021,H,MEM,100,ATL,132
202112200MEM,12/20/2021,H,MEM,99,OKC,102
202112230GSW,12/23/2021,A,MEM,104,GSW,113
202112270PHO,12/27/2021,A,MEM,114,PHO,113
202112290MEM,12/29/2021,H,MEM,104,LAL,99
202112310MEM,12/31/2021,H,MEM,118,SAS,105
202201030BRK,1/3/2022,A,MEM,118,BRK,104
202201040CLE,1/4/2022,A,MEM,110,CLE,106
202201060MEM,1/6/2022,H,MEM,118,DET,88
202201090LAL,1/9/2022,A,MEM,127,LAL,119
202201110MEM,1/11/2022,H,MEM,116,GSW,108
202201130MEM,1/13/2022,H,MEM,116,MIN,108
202201140MEM,1/14/2022,H,MEM,85,DAL,112
202201170MEM,1/17/2022,H,MEM,119,CHI,106
202201190MIL,1/19/2022,A,MEM,114,MIL,126
202201210DEN,1/21/2022,A,MEM,122,DEN,118
202201230DAL,1/23/2022,A,MEM,91,DAL,104
202201260SAS,1/26/2022,A,MEM,118,SAS,110
202201280MEM,1/28/2022,H,MEM,119,UTA,109
202201290MEM,1/29/2022,H,MEM,115,WAS,95
202201310PHI,1/31/2022,A,MEM,119,PHI,122
202202020NYK,2/2/2022,A,MEM,120,NYK,108
202204070DEN,4/7/2022,A,MEM,109,DEN,122
202204010MEM,4/1/2022,H,MEM,122,PHO,114
202203300SAS,3/30/2022,A,MEM,112,SAS,111
202203280MEM,3/28/2022,H,MEM,123,GSW,95
202203260MEM,3/26/2022,H,MEM,127,MIL,102
202203230MEM,3/23/2022,H,MEM,132,BRK,120
202203200HOU,3/20/2022,A,MEM,122,HOU,98
202203150IND,3/15/2022,A,MEM,135,IND,102
202111300TOR,11/30/2021,A,MEM,98,TOR,91
202112020MEM,12/2/2021,H,MEM,152,OKC,79
202112040DAL,12/4/2021,A,MEM,97,DAL,90
202112060MIA,12/6/2021,A,MEM,105,MIA,90
202112080MEM,12/8/2021,H,MEM,96,DAL,104
202112110MEM,12/11/2021,H,MEM,113,HOU,106
202112130MEM,12/13/2021,H,MEM,126,PHI,91
202112150POR,12/15/2021,A,MEM,113,POR,103
202112190MEM,12/19/2021,H,MEM,100,POR,105
202204050UTA,4/5/2022,A,MEM,115,UTA,121
202203240MEM,3/24/2022,H,MEM,133,IND,103
202112090MEM,12/9/2021,H,MEM,108,LAL,95
202204090PHI,4/9/2022,A,IND,120,PHI,133
202204050IND,4/5/2022,H,IND,122,PHI,131
202204030IND,4/3/2022,H,IND,117,DET,121
202204010BOS,4/1/2022,A,IND,123,BOS,128
202203300IND,3/30/2022,H,IND,118,DEN,125
202203280IND,3/28/2022,H,IND,123,ATL,132
202203260TOR,3/26/2022,A,IND,91,TOR,131
202203200IND,3/20/2022,H,IND,129,POR,98
202203180HOU,3/18/2022,A,IND,121,HOU,118
202203130ATL,3/13/2022,A,IND,128,ATL,131
202203120SAS,3/12/2022,A,IND,119,SAS,108
202203080IND,3/8/2022,H,IND,124,CLE,127
202203060WAS,3/6/2022,A,IND,123,WAS,133
202203040DET,3/4/2022,A,IND,106,DET,111
202203020ORL,3/2/2022,A,IND,122,ORL,114
202202280ORL,2/28/2022,A,IND,103,ORL,119
202202270IND,2/27/2022,H,IND,128,BOS,107
202202250IND,2/25/2022,H,IND,125,OKC,129
202202160IND,2/16/2022,H,IND,113,WAS,108
202202150MIL,2/15/2022,A,IND,119,MIL,128
202202130IND,2/13/2022,H,IND,120,MIN,129
202202110IND,2/11/2022,H,IND,113,CLE,120
202202080ATL,2/8/2022,A,IND,112,ATL,133
202110200CHO,10/20/2021,A,IND,122,CHO,123
202110220WAS,10/22/2021,A,IND,134,WAS,135
202110230IND,10/23/2021,H,IND,102,MIA,91
202110250IND,10/25/2021,H,IND,109,MIL,119
202110270TOR,10/27/2021,A,IND,100,TOR,118
202111220CHI,11/22/2021,A,IND,109,CHI,77
202111240IND,11/24/2021,H,IND,116,LAL,124
202111260IND,11/26/2021,H,IND,114,TOR,97
202111280IND,11/28/2021,H,IND,100,MIL,118
202111290MIN,11/29/2021,A,IND,98,MIN,100
202112010IND,12/1/2021,H,IND,111,ATL,114
202112030IND,12/3/2021,H,IND,104,MIA,113
202112060IND,12/6/2021,H,IND,116,WAS,110
202112080IND,12/8/2021,H,IND,122,NYK,102
202112100IND,12/10/2021,H,IND,106,DAL,93
202112130IND,12/13/2021,H,IND,100,GSW,102
202112150MIL,12/15/2021,A,IND,99,MIL,114
202112210MIA,12/21/2021,A,IND,96,MIA,125
202201100BOS,1/10/2022,A,IND,98,BOS,101
202201120IND,1/12/2022,H,IND,100,BOS,119
202201190LAL,1/19/2022,A,IND,111,LAL,104
202112160IND,12/16/2021,H,IND,122,DET,113
202112260CHI,12/26/2021,A,IND,105,CHI,113
202112290IND,12/29/2021,H,IND,108,CHO,116
202201140IND,1/14/2022,H,IND,94,PHO,112
202201280OKC,1/28/2022,A,IND,113,OKC,110
202201290DAL,1/29/2022,A,IND,105,DAL,132
202112230IND,12/23/2021,H,IND,118,HOU,106
202201200GSW,1/20/2022,A,IND,121,GSW,117
202201220PHO,1/22/2022,A,IND,103,PHO,113
202201260IND,1/26/2022,H,IND,126,CHO,158
202202020IND,2/2/2022,H,IND,118,ORL,119
202202040IND,2/4/2022,H,IND,115,CHI,122
202202060CLE,2/6/2022,A,IND,85,CLE,98
202111030IND,11/3/2021,H,IND,111,NYK,98
202111100DEN,11/10/2021,A,IND,98,DEN,101
202111110UTA,11/11/2021,A,IND,111,UTA,100
202111130IND,11/13/2021,H,IND,118,PHI,113
202111150NYK,11/15/2021,A,IND,84,NYK,92
202111170DET,11/17/2021,A,IND,89,DET,97
202111190CHO,11/19/2021,A,IND,118,CHO,121
202110290BRK,10/29/2021,A,IND,98,BRK,105
202110300IND,10/30/2021,H,IND,94,TOR,97
202111010IND,11/1/2021,H,IND,131,SAS,118
202111050POR,11/5/2021,A,IND,106,POR,110
202112310IND,12/31/2021,H,IND,106,CHI,108
202201020CLE,1/2/2022,A,IND,104,CLE,108
202201040NYK,1/4/2022,A,IND,94,NYK,104
202201050IND,1/5/2022,H,IND,121,BRK,129
202201080IND,1/8/2022,H,IND,125,UTA,113
202204070TOR,4/7/2022,A,PHI,114,TOR,119
202204030CLE,4/3/2022,A,PHI,112,CLE,108
202204020PHI,4/2/2022,H,PHI,144,CHO,114
202203310DET,3/31/2022,A,PHI,94,DET,102
202203290PHI,3/29/2022,H,PHI,116,MIL,118
202203270PHO,3/27/2022,A,PHI,104,PHO,114
202203230LAL,3/23/2022,A,PHI,126,LAL,121
202203200PHI,3/20/2022,H,PHI,88,TOR,93
202203180PHI,3/18/2022,H,PHI,111,DAL,101
202203160CLE,3/16/2022,A,PHI,118,CLE,114
202203140PHI,3/14/2022,H,PHI,110,DEN,114
202203130ORL,3/13/2022,A,PHI,116,ORL,114
202203100PHI,3/10/2022,H,PHI,100,BRK,129
202203070PHI,3/7/2022,H,PHI,121,CHI,106
202203040PHI,3/4/2022,H,PHI,125,CLE,119
202203020PHI,3/2/2022,H,PHI,123,NYK,108
202202270NYK,2/27/2022,A,PHI,125,NYK,109
202202250MIN,2/25/2022,A,PHI,133,MIN,102
202203050MIA,3/5/2022,A,PHI,82,MIA,99
202202170MIL,2/17/2022,A,PHI,123,MIL,120
202202150PHI,2/15/2022,H,PHI,87,BOS,135
202202120PHI,2/12/2022,H,PHI,103,CLE,93
202202040DAL,2/4/2022,A,PHI,98,DAL,107
202202110PHI,2/11/2022,H,PHI,100,OKC,87
202202080PHI,2/8/2022,H,PHI,109,PHO,114
202202060CHI,2/6/2022,A,PHI,119,CHI,108
202110220PHI,10/22/2021,H,PHI,109,BRK,114
202110240OKC,10/24/2021,A,PHI,115,OKC,103
202110260NYK,10/26/2021,A,PHI,99,NYK,112
202110280PHI,10/28/2021,H,PHI,110,DET,102
202110300PHI,10/30/2021,H,PHI,122,ATL,94
202111030PHI,11/3/2021,H,PHI,103,CHI,98
202111040DET,11/4/2021,A,PHI,109,DET,98
202111060CHI,11/6/2021,A,PHI,114,CHI,105
202111270PHI,11/27/2021,H,PHI,120,MIN,121
202111290PHI,11/29/2021,H,PHI,101,ORL,96
202112010BOS,12/1/2021,A,PHI,87,BOS,88
202112030ATL,12/3/2021,A,PHI,98,ATL,96
202112080CHO,12/8/2021,A,PHI,110,CHO,106
202112090PHI,12/9/2021,H,PHI,96,UTA,118
202112110PHI,12/11/2021,H,PHI,102,GSW,93
202112150PHI,12/15/2021,H,PHI,96,MIA,101
202112160BRK,12/16/2021,A,PHI,105,BRK,114
202112200BOS,12/20/2021,A,PHI,108,BOS,103
202112230PHI,12/23/2021,H,PHI,96,ATL,98
202112260WAS,12/26/2021,A,PHI,117,WAS,96
202112280TOR,12/28/2021,A,PHI,114,TOR,109
202112300BRK,12/30/2021,A,PHI,110,BRK,102
202201120PHI,1/12/2022,H,PHI,98,CHO,109
202201140PHI,1/14/2022,H,PHI,111,BOS,99
202201150MIA,1/15/2022,A,PHI,109,MIA,98
202201170WAS,1/17/2022,A,PHI,98,WAS,117
202201190PHI,1/19/2022,H,PHI,123,ORL,110
202201230SAS,1/23/2022,A,PHI,115,SAS,109
202201270PHI,1/27/2022,H,PHI,105,LAL,87
202202020PHI,2/2/2022,H,PHI,103,WAS,106
202112060CHO,12/6/2021,A,PHI,127,CHO,124
202201030PHI,1/3/2022,H,PHI,133,HOU,113
202201050ORL,1/5/2022,A,PHI,116,ORL,106
202201070PHI,1/7/2022,H,PHI,119,SAS,100
202201100HOU,1/10/2022,A,PHI,111,HOU,91
202203210PHI,3/21/2022,H,PHI,113,MIA,106
202111010PHI,11/1/2021,H,PHI,113,POR,103
202111110PHI,11/11/2021,H,PHI,109,TOR,115
202111160UTA,11/16/2021,A,PHI,85,UTA,120
202111180DEN,11/18/2021,A,PHI,103,DEN,89
202111200POR,11/20/2021,A,PHI,111,POR,118
202111080PHI,11/8/2021,H,PHI,96,NYK,103
202111090PHI,11/9/2021,H,PHI,109,MIL,118
202111240GSW,11/24/2021,A,PHI,96,GSW,116
202204090SAS,4/9/2022,A,GSW,100,SAS,94
202204070GSW,4/7/2022,H,GSW,128,LAL,112
202204020GSW,4/2/2022,H,GSW,111,UTA,107
202203300GSW,3/30/2022,H,GSW,103,PHO,107
202203270WAS,3/27/2022,A,GSW,115,WAS,123
202203250ATL,3/25/2022,A,GSW,110,ATL,121
202203230MIA,3/23/2022,A,GSW,118,MIA,104
202203220ORL,3/22/2022,A,GSW,90,ORL,94
202203200GSW,3/20/2022,H,GSW,108,SAS,110
202203120GSW,3/12/2022,H,GSW,122,MIL,109
202203100DEN,3/10/2022,A,GSW,113,DEN,102
202203050LAL,3/5/2022,A,GSW,116,LAL,124
202203030DAL,3/3/2022,A,GSW,113,DAL,122
202203010MIN,3/1/2022,A,GSW,114,MIN,129
202202270GSW,2/27/2022,H,GSW,101,DAL,107
202202240POR,2/24/2022,A,GSW,132,POR,95
202202160GSW,2/16/2022,H,GSW,116,DEN,117
202202120GSW,2/12/2022,H,GSW,117,LAL,115
202202100GSW,2/10/2022,H,GSW,114,NYK,116
202202090UTA,2/9/2022,A,GSW,85,UTA,111
202202070OKC,2/7/2022,A,GSW,110,OKC,98
202110260OKC,10/26/2021,A,GSW,106,OKC,98
202110300GSW,10/30/2021,H,GSW,103,OKC,82
202111030GSW,11/3/2021,H,GSW,114,CHO,92
202111070GSW,11/7/2021,H,GSW,120,HOU,107
202111080GSW,11/8/2021,H,GSW,127,ATL,113
202111100GSW,11/10/2021,H,GSW,123,MIN,110
202111120GSW,11/12/2021,H,GSW,119,CHI,93
202111140CHO,11/14/2021,A,GSW,102,CHO,106
202111160BRK,11/16/2021,A,GSW,117,BRK,99
202111180CLE,11/18/2021,A,GSW,104,CLE,89
202111210GSW,11/21/2021,H,GSW,119,TOR,104
202111260GSW,11/26/2021,H,GSW,118,POR,103
202111300PHO,11/30/2021,A,GSW,96,PHO,104
202112030GSW,12/3/2021,H,GSW,118,PHO,96
202112040GSW,12/4/2021,H,GSW,107,SAS,112
202112060GSW,12/6/2021,H,GSW,126,ORL,95
202112080GSW,12/8/2021,H,GSW,104,POR,94
202112140NYK,12/14/2021,A,GSW,105,NYK,96
202112170BOS,12/17/2021,A,GSW,111,BOS,107
202112280GSW,12/28/2021,H,GSW,86,DEN,89
202201010UTA,1/1/2022,A,GSW,123,UTA,116
202201030GSW,1/3/2022,H,GSW,115,MIA,108
202201050DAL,1/5/2022,A,GSW,82,DAL,99
202201090GSW,1/9/2022,H,GSW,96,CLE,82
202201130MIL,1/13/2022,A,GSW,99,MIL,118
202201140CHI,1/14/2022,A,GSW,138,CHI,96
202201180GSW,1/18/2022,H,GSW,102,DET,86
202201210GSW,1/21/2022,H,GSW,105,HOU,103
202201230GSW,1/23/2022,H,GSW,94,UTA,92
202201250GSW,1/25/2022,H,GSW,130,DAL,92
202201270GSW,1/27/2022,H,GSW,124,MIN,115
202201290GSW,1/29/2022,H,GSW,110,BRK,106
202201310HOU,1/31/2022,A,GSW,122,HOU,108
202111190DET,11/19/2021,A,GSW,105,DET,102
202112180TOR,12/18/2021,A,GSW,100,TOR,119
202201160MIN,1/16/2022,A,GSW,99,MIN,119
202203160GSW,3/16/2022,H,GSW,88,BOS,110
202203140GSW,3/14/2022,H,GSW,126,WAS,112
202203070DEN,3/7/2022,A,GSW,124,DEN,131
202202010SAS,2/1/2022,A,GSW,124,SAS,120
202112250PHO,12/25/2021,A,GSW,116,PHO,107
202204070MIN,4/7/2022,A,SAS,121,MIN,127
202204050DEN,4/5/2022,A,SAS,116,DEN,97
202204030SAS,4/3/2022,H,SAS,113,POR,92
202204010SAS,4/1/2022,H,SAS,130,POR,111
202203280HOU,3/28/2022,A,SAS,123,HOU,120
202203230POR,3/23/2022,A,SAS,133,POR,96
202203160SAS,3/16/2022,H,SAS,122,OKC,120
202203140SAS,3/14/2022,H,SAS,139,MIN,149
202203110SAS,3/11/2022,H,SAS,104,UTA,102
202203090SAS,3/9/2022,H,SAS,104,TOR,119
202203070SAS,3/7/2022,H,SAS,117,LAL,110
202203050CHO,3/5/2022,A,SAS,117,CHO,123
202202260MIA,2/26/2022,A,SAS,129,MIA,133
202202250WAS,2/25/2022,A,SAS,157,WAS,153
202202140CHI,2/14/2022,A,SAS,109,CHI,120
202202040SAS,2/4/2022,H,SAS,131,HOU,106
202202110ATL,2/11/2022,A,SAS,136,ATL,121
202202030SAS,2/3/2022,H,SAS,95,MIA,112
202110200SAS,10/20/2021,H,SAS,123,ORL,97
202110220DEN,10/22/2021,A,SAS,96,DEN,102
202110230SAS,10/23/2021,H,SAS,111,MIL,121
202110260SAS,10/26/2021,H,SAS,121,LAL,125
202110280DAL,10/28/2021,A,SAS,99,DAL,104
202110300MIL,10/30/2021,A,SAS,102,MIL,93
202111030SAS,11/3/2021,H,SAS,108,DAL,109
202111050ORL,11/5/2021,A,SAS,102,ORL,89
202111070OKC,11/7/2021,A,SAS,94,OKC,99
202111120SAS,11/12/2021,H,SAS,109,DAL,123
202111140LAL,11/14/2021,A,SAS,106,LAL,114
202111180MIN,11/18/2021,A,SAS,90,MIN,115
202111220SAS,11/22/2021,H,SAS,111,PHO,115
202111240SAS,11/24/2021,H,SAS,106,ATL,124
202111260SAS,11/26/2021,H,SAS,96,BOS,88
202111290SAS,11/29/2021,H,SAS,116,WAS,99
202112020POR,12/2/2021,A,SAS,114,POR,83
202112060PHO,12/6/2021,A,SAS,104,PHO,108
202112070SAS,12/7/2021,H,SAS,109,NYK,121
202112090SAS,12/9/2021,H,SAS,123,DEN,111
202112110SAS,12/11/2021,H,SAS,112,DEN,127
202112150SAS,12/15/2021,H,SAS,115,CHO,131
202112170UTA,12/17/2021,A,SAS,128,UTA,126
202112230LAL,12/23/2021,A,SAS,138,LAL,110
202201050BOS,1/5/2022,A,SAS,99,BOS,97
202201190SAS,1/19/2022,H,SAS,118,OKC,96
202201210SAS,1/21/2022,H,SAS,102,BRK,117
202201250HOU,1/25/2022,A,SAS,134,HOU,104
202201280SAS,1/28/2022,H,SAS,131,CHI,122
202112260SAS,12/26/2021,H,SAS,144,DET,109
202112270SAS,12/27/2021,H,SAS,104,UTA,110
202201010DET,1/1/2022,A,SAS,116,DET,117
202201040TOR,1/4/2022,A,SAS,104,TOR,129
202201300PHO,1/30/2022,A,SAS,110,PHO,115
202202160OKC,2/16/2022,A,SAS,114,OKC,106
202202090CLE,2/9/2022,A,SAS,92,CLE,105
202201090BRK,1/9/2022,A,SAS,119,BRK,121
202201100NYK,1/10/2022,A,SAS,96,NYK,111
202201120SAS,1/12/2022,H,SAS,124,HOU,128
202201140SAS,1/14/2022,H,SAS,109,CLE,114
202201170SAS,1/17/2022,H,SAS,107,PHO,121
202204080BRK,4/8/2022,A,CLE,107,BRK,118
202204050ORL,4/5/2022,A,CLE,115,ORL,120
202204020NYK,4/2/2022,A,CLE,119,NYK,101
202203310ATL,3/31/2022,A,CLE,107,ATL,131
202203300CLE,3/30/2022,H,CLE,112,DAL,120
202203280CLE,3/28/2022,H,CLE,107,ORL,101
202203260CLE,3/26/2022,H,CLE,94,CHI,98
202203240TOR,3/24/2022,A,CLE,104,TOR,117
202203210CLE,3/21/2022,H,CLE,120,LAL,131
202203190CLE,3/19/2022,H,CLE,113,DET,109
202203180CLE,3/18/2022,H,CLE,119,DEN,116
202203120CHI,3/12/2022,A,CLE,91,CHI,101
202203110MIA,3/11/2022,A,CLE,105,MIA,117
202203060CLE,3/6/2022,H,CLE,104,TOR,96
202203020CLE,3/2/2022,H,CLE,98,CHO,119
202202150ATL,2/15/2022,A,CLE,116,ATL,124
202110250DEN,10/25/2021,A,CLE,99,DEN,87
202110290LAL,10/29/2021,A,CLE,101,LAL,113
202110300PHO,10/30/2021,A,CLE,92,PHO,101
202111010CHO,11/1/2021,A,CLE,113,CHO,110
202111030CLE,11/3/2021,H,CLE,107,POR,104
202111050TOR,11/5/2021,A,CLE,102,TOR,101
202111070NYK,11/7/2021,A,CLE,126,NYK,109
202111100CLE,11/10/2021,H,CLE,94,WAS,97
202111120CLE,11/12/2021,H,CLE,98,DET,78
202111130CLE,11/13/2021,H,CLE,91,BOS,89
202111150CLE,11/15/2021,H,CLE,92,BOS,98
202111270CLE,11/27/2021,H,CLE,105,ORL,92
202111290DAL,11/29/2021,A,CLE,114,DAL,96
202112010MIA,12/1/2021,A,CLE,111,MIA,85
202112030WAS,12/3/2021,A,CLE,116,WAS,101
202112050CLE,12/5/2021,H,CLE,108,UTA,109
202112060MIL,12/6/2021,A,CLE,104,MIL,112
202112080CLE,12/8/2021,H,CLE,115,CHI,92
202112100MIN,12/10/2021,A,CLE,123,MIN,106
202112130CLE,12/13/2021,H,CLE,105,MIA,94
202201070POR,1/7/2022,A,CLE,114,POR,101
202201120UTA,1/12/2022,A,CLE,111,UTA,91
202201150OKC,1/15/2022,A,CLE,107,OKC,102
202201170CLE,1/17/2022,H,CLE,114,BRK,107
202201190CHI,1/19/2022,A,CLE,104,CHI,117
202201220CLE,1/22/2022,H,CLE,94,OKC,87
202201240CLE,1/24/2022,H,CLE,95,NYK,93
202201260CLE,1/26/2022,H,CLE,115,MIL,99
202201300DET,1/30/2022,A,CLE,105,DET,115
202111170BRK,11/17/2021,A,CLE,99,BRK,109
202111220CLE,11/22/2021,H,CLE,112,BRK,117
202111240CLE,11/24/2021,H,CLE,115,PHO,120
202112150CLE,12/15/2021,H,CLE,124,HOU,89
202112180MIL,12/18/2021,A,CLE,119,MIL,90
202112220BOS,12/22/2021,A,CLE,101,BOS,111
202112260CLE,12/26/2021,H,CLE,144,TOR,99
202202280CLE,2/28/2022,H,CLE,122,MIN,127
202202260CLE,2/26/2022,H,CLE,92,WAS,86
202202240DET,2/24/2022,A,CLE,103,DET,106
202202040CHO,2/4/2022,A,CLE,102,CHO,101
202110220CLE,10/22/2021,H,CLE,112,CHO,123
202110230CLE,10/23/2021,H,CLE,101,ATL,95
202112300WAS,12/30/2021,A,CLE,93,WAS,110
202112310CLE,12/31/2021,H,CLE,118,ATL,121
202202020HOU,2/2/2022,A,CLE,104,HOU,115
202204060NYK,4/6/2022,A,BRK,110,NYK,98
202204050BRK,4/5/2022,H,BRK,118,HOU,105
202204020ATL,4/2/2022,A,BRK,115,ATL,122
202203310BRK,3/31/2022,H,BRK,119,MIL,120
202203290BRK,3/29/2022,H,BRK,130,DET,123
202203270BRK,3/27/2022,H,BRK,110,CHO,119
202203260MIA,3/26/2022,A,BRK,110,MIA,95
202203210BRK,3/21/2022,H,BRK,114,UTA,106
202203180BRK,3/18/2022,H,BRK,128,POR,123
202203160BRK,3/16/2022,H,BRK,111,DAL,113
202203150ORL,3/15/2022,A,BRK,150,ORL,108
202203130BRK,3/13/2022,H,BRK,110,NYK,107
202203080CHO,3/8/2022,A,BRK,132,CHO,121
202203060BOS,3/6/2022,A,BRK,120,BOS,126
202203030BRK,3/3/2022,H,BRK,107,MIA,113
202110240BRK,10/24/2021,H,BRK,95,CHO,111
202110250BRK,10/25/2021,H,BRK,104,WAS,90
202110270BRK,10/27/2021,H,BRK,93,MIA,106
202110310BRK,10/31/2021,H,BRK,117,DET,91
202111030BRK,11/3/2021,H,BRK,117,ATL,108
202111050DET,11/5/2021,A,BRK,96,DET,90
202111070TOR,11/7/2021,A,BRK,116,TOR,103
202111080CHI,11/8/2021,A,BRK,95,CHI,118
202111100ORL,11/10/2021,A,BRK,123,ORL,90
202111140OKC,11/14/2021,A,BRK,120,OKC,96
202111240BOS,11/24/2021,A,BRK,123,BOS,104
202111270BRK,11/27/2021,H,BRK,107,PHO,113
202111300BRK,11/30/2021,H,BRK,112,NYK,110
202112030BRK,12/3/2021,H,BRK,110,MIN,105
202112040BRK,12/4/2021,H,BRK,107,CHI,111
202112070DAL,12/7/2021,A,BRK,102,DAL,99
202112100ATL,12/10/2021,A,BRK,113,ATL,105
202201070BRK,1/7/2022,H,BRK,109,MIL,121
202201120CHI,1/12/2022,A,BRK,138,CHI,112
202112120DET,12/12/2021,A,BRK,116,DET,104
202112140BRK,12/14/2021,H,BRK,131,TOR,129
202201100POR,1/10/2022,A,BRK,108,POR,114
202203010TOR,3/1/2022,A,BRK,108,TOR,109
202202280BRK,2/28/2022,H,BRK,97,TOR,133
202202260MIL,2/26/2022,A,BRK,126,MIL,123
202202240BRK,2/24/2022,H,BRK,106,BOS,129
202202170BRK,2/17/2022,H,BRK,103,WAS,117
202202160NYK,2/16/2022,A,BRK,111,NYK,106
202202120MIA,2/12/2022,A,BRK,111,MIA,115
202202040UTA,2/4/2022,A,BRK,102,UTA,125
202202100WAS,2/10/2022,A,BRK,112,WAS,113
202202080BRK,2/8/2022,H,BRK,91,BOS,126
202202060DEN,2/6/2022,A,BRK,104,DEN,124
202111190BRK,11/19/2021,H,BRK,115,ORL,113
202112080HOU,12/8/2021,A,BRK,104,HOU,114
202112250LAL,12/25/2021,A,BRK,122,LAL,115
202201130BRK,1/13/2022,H,BRK,109,OKC,130
202201190WAS,1/19/2022,A,BRK,119,WAS,118
202201230MIN,1/23/2022,A,BRK,125,MIN,136
202201250BRK,1/25/2022,H,BRK,96,LAL,106
202201260BRK,1/26/2022,H,BRK,118,DEN,124
202202010PHO,2/1/2022,A,BRK,111,PHO,121
202112180BRK,12/18/2021,H,BRK,93,ORL,100
202204080CHI,4/8/2022,A,CHO,133,CHI,117
202204070CHO,4/7/2022,H,CHO,128,ORL,101
202204050MIA,4/5/2022,A,CHO,115,MIA,144
202203300NYK,3/30/2022,A,CHO,125,NYK,114
202203280CHO,3/28/2022,H,CHO,109,DEN,113
202203250CHO,3/25/2022,H,CHO,107,UTA,101
202203230CHO,3/23/2022,H,CHO,106,NYK,121
202203190CHO,3/19/2022,H,CHO,129,DAL,108
202203160CHO,3/16/2022,H,CHO,116,ATL,106
202203140OKC,3/14/2022,A,CHO,134,OKC,116
202203090CHO,3/9/2022,H,CHO,101,BOS,115
202202280MIL,2/28/2022,A,CHO,106,MIL,130
202202270CHO,2/27/2022,H,CHO,126,DET,127
202202250CHO,2/25/2022,H,CHO,125,TOR,93
202202170CHO,2/17/2022,H,CHO,107,MIA,111
202202150MIN,2/15/2022,A,CHO,120,MIN,126
202202110DET,2/11/2022,A,CHO,141,DET,119
202202090CHO,2/9/2022,H,CHO,109,CHI,121
202202070CHO,2/7/2022,H,CHO,101,TOR,116
202202050CHO,2/5/2022,H,CHO,86,MIA,104
202110270ORL,10/27/2021,A,CHO,120,ORL,111
202110290MIA,10/29/2021,A,CHO,99,MIA,114
202110310CHO,10/31/2021,H,CHO,125,POR,113
202111080LAL,11/8/2021,A,CHO,123,LAL,126
202111120CHO,11/12/2021,H,CHO,104,NYK,96
202111170CHO,11/17/2021,H,CHO,97,WAS,87
202111200ATL,11/20/2021,A,CHO,105,ATL,115
202111220WAS,11/22/2021,A,CHO,109,WAS,103
202111240ORL,11/24/2021,A,CHO,106,ORL,99
202111260CHO,11/26/2021,H,CHO,133,MIN,115
202111270HOU,11/27/2021,A,CHO,143,HOU,146
202111290CHI,11/29/2021,A,CHO,119,CHI,133
202112010MIL,12/1/2021,A,CHO,125,MIL,127
202112130DAL,12/13/2021,A,CHO,96,DAL,120
202112170POR,12/17/2021,A,CHO,116,POR,125
202112190PHO,12/19/2021,A,CHO,106,PHO,137
202112200UTA,12/20/2021,A,CHO,102,UTA,112
202112230DEN,12/23/2021,A,CHO,115,DEN,107
202112270CHO,12/27/2021,H,CHO,123,HOU,99
202201020CHO,1/2/2022,H,CHO,99,PHO,133
202201030WAS,1/3/2022,A,CHO,121,WAS,124
202201050CHO,1/5/2022,H,CHO,140,DET,111
202201080CHO,1/8/2022,H,CHO,114,MIL,106
202201100CHO,1/10/2022,H,CHO,103,MIL,99
202201140CHO,1/14/2022,H,CHO,109,ORL,116
202201170NYK,1/17/2022,A,CHO,97,NYK,87
202201190BOS,1/19/2022,A,CHO,111,BOS,102
202201210CHO,1/21/2022,H,CHO,121,OKC,98
202201230CHO,1/23/2022,H,CHO,91,ATL,113
202201250TOR,1/25/2022,A,CHO,113,TOR,125
202201280CHO,1/28/2022,H,CHO,117,LAL,114
202202020BOS,2/2/2022,A,CHO,107,BOS,113
202110250CHO,10/25/2021,H,CHO,129,BOS,140
202112050ATL,12/5/2021,A,CHO,130,ATL,127
202204060CHI,4/6/2022,H,CHI,94,BOS,117
202204050CHI,4/5/2022,H,CHI,106,MIL,127
202204020CHI,4/2/2022,H,CHI,109,MIA,127
202203290WAS,3/29/2022,A,CHI,107,WAS,94
202203280NYK,3/28/2022,A,CHI,104,NYK,109
202203220MIL,3/22/2022,A,CHI,98,MIL,126
202203210CHI,3/21/2022,H,CHI,113,TOR,99
202203180PHO,3/18/2022,A,CHI,102,PHO,129
202203160UTA,3/16/2022,A,CHI,110,UTA,125
202203090DET,3/9/2022,A,CHI,114,DET,108
202203040CHI,3/4/2022,H,CHI,112,MIL,118
202203030ATL,3/3/2022,A,CHI,124,ATL,130
202202280MIA,2/28/2022,A,CHI,99,MIA,112
202202240CHI,2/24/2022,H,CHI,112,ATL,108
202202120CHI,2/12/2022,H,CHI,106,OKC,101
202202110CHI,2/11/2022,H,CHI,134,MIN,122
202202070CHI,2/7/2022,H,CHI,124,PHO,127
202202030TOR,2/3/2022,A,CHI,120,TOR,127
202111150LAL,11/15/2021,A,CHI,121,LAL,103
202111170POR,11/17/2021,A,CHI,107,POR,112
202111190DEN,11/19/2021,A,CHI,114,DEN,108
202111210CHI,11/21/2021,H,CHI,109,NYK,103
202111240HOU,11/24/2021,A,CHI,113,HOU,118
202111260ORL,11/26/2021,A,CHI,123,ORL,88
202111270CHI,11/27/2021,H,CHI,104,MIA,107
202112190CHI,12/19/2021,H,CHI,115,LAL,110
202112200CHI,12/20/2021,H,CHI,133,HOU,118
202112270ATL,12/27/2021,A,CHI,130,ATL,118
202112290CHI,12/29/2021,H,CHI,131,ATL,117
202201010WAS,1/1/2022,A,CHI,120,WAS,119
202201030CHI,1/3/2022,H,CHI,102,ORL,98
202201070CHI,1/7/2022,H,CHI,130,WAS,122
202201090DAL,1/9/2022,A,CHI,99,DAL,113
202201110CHI,1/11/2022,H,CHI,133,DET,87
202201150BOS,1/15/2022,A,CHI,112,BOS,114
202201210MIL,1/21/2022,A,CHI,90,MIL,94
202201230ORL,1/23/2022,A,CHI,95,ORL,114
202201260CHI,1/26/2022,H,CHI,111,TOR,105
202201300CHI,1/30/2022,H,CHI,130,POR,116
202202010CHI,2/1/2022,H,CHI,126,ORL,115
202201240OKC,1/24/2022,A,CHI,111,OKC,110
202110200DET,10/20/2021,A,CHI,94,DET,88
202110230CHI,10/23/2021,H,CHI,97,DET,82
202110250TOR,10/25/2021,A,CHI,111,TOR,108
202110280CHI,10/28/2021,H,CHI,103,NYK,104
202110300CHI,10/30/2021,H,CHI,107,UTA,99
202111010BOS,11/1/2021,A,CHI,128,BOS,114
202111100CHI,11/10/2021,H,CHI,117,DAL,107
202112020NYK,12/2/2021,A,CHI,119,NYK,115
202112060CHI,12/6/2021,H,CHI,109,DEN,97
202112110MIA,12/11/2021,A,CHI,92,MIA,118
202204080DAL,4/8/2022,A,POR,78,DAL,128
202204050OKC,4/5/2022,A,POR,94,OKC,98
202203280POR,3/28/2022,H,POR,131,OKC,134
202203260POR,3/26/2022,H,POR,98,HOU,115
202203250POR,3/25/2022,H,POR,106,HOU,125
202203210DET,3/21/2022,A,POR,119,DET,115
202203160NYK,3/16/2022,A,POR,98,NYK,128
202203140ATL,3/14/2022,A,POR,113,ATL,122
202203120POR,3/12/2022,H,POR,127,WAS,118
202203090UTA,3/9/2022,A,POR,85,UTA,123
202203070MIN,3/7/2022,A,POR,81,MIN,124
202203050MIN,3/5/2022,A,POR,121,MIN,135
202203020PHO,3/2/2022,A,POR,90,PHO,120
202202270POR,2/27/2022,H,POR,92,DEN,124
202202140MIL,2/14/2022,A,POR,122,MIL,107
202202120POR,2/12/2022,H,POR,112,NYK,103
202202040POR,2/4/2022,H,POR,93,OKC,96
202202090POR,2/9/2022,H,POR,107,LAL,105
202202080POR,2/8/2022,H,POR,95,ORL,113
202202050POR,2/5/2022,H,POR,108,MIL,137
202110230POR,10/23/2021,H,POR,134,PHO,105
202111060POR,11/6/2021,H,POR,105,LAL,90
202111100PHO,11/10/2021,A,POR,109,PHO,119
202111120HOU,11/12/2021,A,POR,104,HOU,92
202111150POR,11/15/2021,H,POR,118,TOR,113
202111230POR,11/23/2021,H,POR,119,DEN,100
202111290UTA,11/29/2021,A,POR,107,UTA,129
202112120POR,12/12/2021,H,POR,111,MIN,116
202112140POR,12/14/2021,H,POR,107,PHO,111
202112270POR,12/27/2021,H,POR,117,DAL,132
202112290POR,12/29/2021,H,POR,105,UTA,120
202112310LAL,12/31/2021,A,POR,106,LAL,139
202111140DEN,11/14/2021,A,POR,95,DEN,124
202111300POR,11/30/2021,H,POR,110,DET,92
202112040POR,12/4/2021,H,POR,117,BOS,145
202201190MIA,1/19/2022,A,POR,92,MIA,104
202201210BOS,1/21/2022,A,POR,109,BOS,105
202201230TOR,1/23/2022,A,POR,114,TOR,105
202201250POR,1/25/2022,H,POR,107,MIN,109
202201260POR,1/26/2022,H,POR,112,DAL,132
202202020LAL,2/2/2022,A,POR,94,LAL,99
202201030POR,1/3/2022,H,POR,136,ATL,131
202201050POR,1/5/2022,H,POR,109,MIA,115
202201130DEN,1/13/2022,A,POR,108,DEN,140
202201150WAS,1/15/2022,A,POR,115,WAS,110
202201170ORL,1/17/2022,A,POR,98,ORL,88
202201280HOU,1/28/2022,A,POR,125,HOU,110
202201310OKC,1/31/2022,A,POR,81,OKC,98
202204060DET,4/6/2022,A,DAL,131,DET,113
202204030MIL,4/3/2022,A,DAL,118,MIL,112
202204010WAS,4/1/2022,A,DAL,103,WAS,135
202203290DAL,3/29/2022,H,DAL,128,LAL,110
202203270DAL,3/27/2022,H,DAL,114,UTA,100
202203250MIN,3/25/2022,A,DAL,95,MIN,116
202203210DAL,3/21/2022,H,DAL,110,MIN,108
202203130BOS,3/13/2022,A,DAL,95,BOS,92
202203110HOU,3/11/2022,A,DAL,113,HOU,100
202203090DAL,3/9/2022,H,DAL,77,NYK,107
202203070DAL,3/7/2022,H,DAL,111,UTA,103
202203010LAL,3/1/2022,A,DAL,109,LAL,104
202202250UTA,2/25/2022,A,DAL,109,UTA,114
202202150MIA,2/15/2022,A,DAL,107,MIA,99
202202080DAL,2/8/2022,H,DAL,116,DET,86
202202060DAL,2/6/2022,H,DAL,103,ATL,94
202110210ATL,10/21/2021,A,DAL,87,ATL,113
202110230TOR,10/23/2021,A,DAL,103,TOR,95
202110260DAL,10/26/2021,H,DAL,116,HOU,106
202110290DEN,10/29/2021,A,DAL,75,DEN,106
202111020DAL,11/2/2021,H,DAL,110,MIA,125
202111060DAL,11/6/2021,H,DAL,107,BOS,104
202111150DAL,11/15/2021,H,DAL,111,DEN,101
202111270DAL,11/27/2021,H,DAL,114,WAS,120
202201020OKC,1/2/2022,A,DAL,95,OKC,86
202201030DAL,1/3/2022,H,DAL,103,DEN,89
202201120NYK,1/12/2022,A,DAL,85,NYK,108
202201150DAL,1/15/2022,H,DAL,108,ORL,92
202201170DAL,1/17/2022,H,DAL,104,OKC,102
202201190DAL,1/19/2022,H,DAL,102,TOR,98
202201200DAL,1/20/2022,H,DAL,101,PHO,109
202201300ORL,1/30/2022,A,DAL,108,ORL,110
202202020DAL,2/2/2022,H,DAL,114,OKC,120
202203230DAL,3/23/2022,H,DAL,110,HOU,91
202111170PHO,11/17/2021,A,DAL,98,PHO,105
202111190PHO,11/19/2021,A,DAL,104,PHO,112
202112120OKC,12/12/2021,A,DAL,103,OKC,84
202112150DAL,12/15/2021,H,DAL,104,LAL,107
202112190MIN,12/19/2021,A,DAL,105,MIN,111
202112230DAL,12/23/2021,H,DAL,95,MIL,102
202112250UTA,12/25/2021,A,DAL,116,UTA,120
202112210DAL,12/21/2021,H,DAL,114,MIN,102
202201070HOU,1/7/2022,A,DAL,130,HOU,106
202204080DET,4/8/2022,A,MIL,131,DET,101
202204070MIL,4/7/2022,H,MIL,127,BOS,121
202203190MIN,3/19/2022,A,MIL,119,MIN,138
202203140UTA,3/14/2022,A,MIL,117,UTA,111
202203090MIL,3/9/2022,H,MIL,124,ATL,115
202203080OKC,3/8/2022,A,MIL,142,OKC,115
202203060MIL,3/6/2022,H,MIL,132,PHO,122
202203020MIL,3/2/2022,H,MIL,120,MIA,119
202202100PHO,2/10/2022,A,MIL,107,PHO,131
202202080LAL,2/8/2022,A,MIL,131,LAL,116
202110210MIA,10/21/2021,A,MIL,95,MIA,137
202110270MIL,10/27/2021,H,MIL,108,MIN,113
202110310MIL,10/31/2021,H,MIL,95,UTA,107
202111170MIL,11/17/2021,H,MIL,109,LAL,102
202111190MIL,11/19/2021,H,MIL,96,OKC,89
202111200MIL,11/20/2021,H,MIL,117,ORL,108
202111220MIL,11/22/2021,H,MIL,123,ORL,92
202111240MIL,11/24/2021,H,MIL,114,DET,93
202111260DEN,11/26/2021,A,MIL,120,DEN,109
202112020TOR,12/2/2021,A,MIL,93,TOR,97
202112080MIA,12/8/2021,A,MIL,104,MIA,113
202112100HOU,12/10/2021,A,MIL,123,HOU,114
202112120NYK,12/12/2021,A,MIL,112,NYK,97
202112130BOS,12/13/2021,A,MIL,103,BOS,117
202112250MIL,12/25/2021,H,MIL,117,BOS,113
202112280ORL,12/28/2021,A,MIL,127,ORL,110
202112300ORL,12/30/2021,A,MIL,136,ORL,118
202201030MIL,1/3/2022,H,MIL,106,DET,115
202201150MIL,1/15/2022,H,MIL,96,TOR,103
202201170ATL,1/17/2022,A,MIL,114,ATL,121
202201280MIL,1/28/2022,H,MIL,123,NYK,108
202201300MIL,1/30/2022,H,MIL,100,DEN,136
202202010MIL,2/1/2022,H,MIL,112,WAS,98
202112040MIL,12/4/2021,H,MIL,124,MIA,102
202112220MIL,12/22/2021,H,MIL,126,HOU,106
202201050MIL,1/5/2022,H,MIL,111,TOR,117
202111020DET,11/2/2021,A,MIL,117,DET,89
202111050MIL,11/5/2021,H,MIL,98,NYK,113
202111070WAS,11/7/2021,A,MIL,94,WAS,101
202111100NYK,11/10/2021,A,MIL,112,NYK,100
202111140ATL,11/14/2021,A,MIL,100,ATL,120
202203240MIL,3/24/2022,H,MIL,114,WAS,102
202111120BOS,11/12/2021,A,MIL,113,BOS,122
202204010OKC,4/1/2022,A,DET,110,OKC,101
202203270DET,3/27/2022,H,DET,102,NYK,104
202203250DET,3/25/2022,H,DET,97,WAS,100
202203230DET,3/23/2022,H,DET,122,ATL,101
202203170ORL,3/17/2022,A,DET,134,ORL,120
202203150MIA,3/15/2022,A,DET,98,MIA,105
202203110BOS,3/11/2022,A,DET,103,BOS,114
202203070DET,3/7/2022,H,DET,113,ATL,110
202203030TOR,3/3/2022,A,DET,108,TOR,106
202203010WAS,3/1/2022,A,DET,113,WAS,116
202202260DET,2/26/2022,H,DET,104,BOS,113
202202160BOS,2/16/2022,A,DET,112,BOS,111
202202140WAS,2/14/2022,A,DET,94,WAS,103
202202040DET,2/4/2022,H,DET,93,BOS,102
202202060MIN,2/6/2022,A,DET,105,MIN,118
202202030DET,2/3/2022,H,DET,117,MIN,128
202110300DET,10/30/2021,H,DET,110,ORL,103
202111100HOU,11/10/2021,A,DET,112,HOU,104
202111130TOR,11/13/2021,A,DET,127,TOR,121
202111210DET,11/21/2021,H,DET,116,LAL,121
202111230DET,11/23/2021,H,DET,92,MIA,100
202111280LAL,11/28/2021,A,DET,106,LAL,110
202112020PHO,12/2/2021,A,DET,103,PHO,114
202112060DET,12/6/2021,H,DET,103,OKC,114
202112080DET,12/8/2021,H,DET,116,WAS,119
202112180DET,12/18/2021,H,DET,107,HOU,116
202112190DET,12/19/2021,H,DET,100,MIA,90
202112210NYK,12/21/2021,A,DET,91,NYK,105
202201080DET,1/8/2022,H,DET,97,ORL,92
202201100DET,1/10/2022,H,DET,126,UTA,116
202201140DET,1/14/2022,H,DET,103,TOR,87
202201160DET,1/16/2022,H,DET,108,PHO,135
202201210UTA,1/21/2022,A,DET,101,UTA,111
202201230DEN,1/23/2022,A,DET,111,DEN,117
202201250DET,1/25/2022,H,DET,105,DEN,110
202201280ORL,1/28/2022,A,DET,103,ORL,119
202110250ATL,10/25/2021,A,DET,104,ATL,122
202112230MIA,12/23/2021,A,DET,112,MIA,115
202112290DET,12/29/2021,H,DET,85,NYK,94
202204080LAL,4/8/2022,A,OKC,101,LAL,120
202204060UTA,4/6/2022,A,OKC,101,UTA,137
202204030OKC,4/3/2022,H,OKC,117,PHO,96
202112290PHO,12/29/2021,A,OKC,97,PHO,115
202203300OKC,3/30/2022,H,OKC,118,ATL,136
202203260DEN,3/26/2022,A,OKC,107,DEN,113
202203230OKC,3/23/2022,H,OKC,118,ORL,102
202203210OKC,3/21/2022,H,OKC,123,BOS,132
202203200ORL,3/20/2022,A,OKC,85,ORL,90
202203180MIA,3/18/2022,A,OKC,108,MIA,120
202203090MIN,3/9/2022,A,OKC,102,MIN,132
202203060OKC,3/6/2022,H,OKC,103,UTA,116
202203040OKC,3/4/2022,H,OKC,101,MIN,138
202203020DEN,3/2/2022,A,OKC,119,DEN,107
202202240OKC,2/24/2022,H,OKC,104,PHO,124
202202140NYK,2/14/2022,A,OKC,127,NYK,123
202202090OKC,2/9/2022,H,OKC,98,TOR,117
202110200UTA,10/20/2021,A,OKC,86,UTA,107
202110220HOU,10/22/2021,A,OKC,91,HOU,124
202110270OKC,10/27/2021,H,OKC,123,LAL,115
202111150OKC,11/15/2021,H,OKC,90,MIA,103
202111260OKC,11/26/2021,H,OKC,99,WAS,101
202112010OKC,12/1/2021,H,OKC,110,HOU,114
202111040LAL,11/4/2021,A,OKC,107,LAL,104
202111170OKC,11/17/2021,H,OKC,101,HOU,89
202111200BOS,11/20/2021,A,OKC,105,BOS,111
202111290HOU,11/29/2021,A,OKC,89,HOU,102
202112080TOR,12/8/2021,A,OKC,110,TOR,109
202112100OKC,12/10/2021,H,OKC,95,LAL,116
202112220OKC,12/22/2021,H,OKC,108,DEN,94
202112230PHO,12/23/2021,A,OKC,101,PHO,113
202112310OKC,12/31/2021,H,OKC,95,NYK,80
202111220ATL,11/22/2021,A,OKC,101,ATL,113
202111240OKC,11/24/2021,H,OKC,104,UTA,110
202201050MIN,1/5/2022,A,OKC,90,MIN,98
202201070OKC,1/7/2022,H,OKC,105,MIN,135
202201090OKC,1/9/2022,H,OKC,95,DEN,99
202201110WAS,1/11/2022,A,OKC,118,WAS,122
202204050PHO,4/5/2022,A,LAL,110,PHO,121
202204030LAL,4/3/2022,H,LAL,118,DEN,129
202203310UTA,3/31/2022,A,LAL,109,UTA,122
202203190WAS,3/19/2022,A,LAL,119,WAS,127
202203180TOR,3/18/2022,A,LAL,128,TOR,123
202203160MIN,3/16/2022,A,LAL,104,MIN,124
202203140LAL,3/14/2022,H,LAL,103,TOR,114
202203130PHO,3/13/2022,A,LAL,111,PHO,140
202203110LAL,3/11/2022,H,LAL,122,WAS,109
202203090HOU,3/9/2022,A,LAL,130,HOU,139
202202160LAL,2/16/2022,H,LAL,106,UTA,101
202202050LAL,2/5/2022,H,LAL,122,NYK,115
202111190BOS,11/19/2021,A,LAL,108,BOS,130
202111230NYK,11/23/2021,A,LAL,100,NYK,106
202112070LAL,12/7/2021,H,LAL,117,BOS,102
202112120LAL,12/12/2021,H,LAL,106,ORL,94
202201300ATL,1/30/2022,A,LAL,121,ATL,129
202112210LAL,12/21/2021,H,LAL,90,PHO,108
202112280HOU,12/28/2021,A,LAL,132,HOU,123
202201020LAL,1/2/2022,H,LAL,108,MIN,103
202201070LAL,1/7/2022,H,LAL,134,ATL,118
202201150DEN,1/15/2022,A,LAL,96,DEN,133
202201170LAL,1/17/2022,H,LAL,101,UTA,95
202201210ORL,1/21/2022,A,LAL,116,ORL,105
202201230MIA,1/23/2022,A,LAL,107,MIA,113
202110220LAL,10/22/2021,H,LAL,105,PHO,115
202110310LAL,10/31/2021,H,LAL,95,HOU,85
202111020LAL,11/2/2021,H,LAL,119,HOU,117
202111100LAL,11/10/2021,H,LAL,120,MIA,117
202111120LAL,11/12/2021,H,LAL,83,MIN,107
202112170MIN,12/17/2021,A,LAL,92,MIN,110
202204080MIA,4/8/2022,A,ATL,109,MIA,113
202204060ATL,4/6/2022,H,ATL,118,WAS,103
202204050TOR,4/5/2022,A,ATL,108,TOR,118
202203220NYK,3/22/2022,A,ATL,117,NYK,111
202203040WAS,3/4/2022,A,ATL,117,WAS,114
202203010BOS,3/1/2022,A,ATL,98,BOS,107
202202260ATL,2/26/2022,H,ATL,127,TOR,100
202202160ORL,2/16/2022,A,ATL,130,ORL,109
202202130BOS,2/13/2022,A,ATL,95,BOS,105
202202040TOR,2/4/2022,A,ATL,114,TOR,125
202202030ATL,2/3/2022,H,ATL,124,PHO,115
202110280WAS,10/28/2021,A,ATL,111,WAS,122
202111010ATL,11/1/2021,H,ATL,118,WAS,111
202111040ATL,11/4/2021,H,ATL,98,UTA,116
202111060PHO,11/6/2021,A,ATL,117,PHO,121
202111090UTA,11/9/2021,A,ATL,98,UTA,110
202111120DEN,11/12/2021,A,ATL,96,DEN,105
202111150ATL,11/15/2021,H,ATL,129,ORL,111
202111170ATL,11/17/2021,H,ATL,110,BOS,99
202111270ATL,11/27/2021,H,ATL,90,NYK,99
202112060MIN,12/6/2021,A,ATL,121,MIN,110
202112130ATL,12/13/2021,H,ATL,126,HOU,132
202112150ORL,12/15/2021,A,ATL,111,ORL,99
202112170ATL,12/17/2021,H,ATL,115,DEN,133
202201120ATL,1/12/2022,H,ATL,91,MIA,115
202201140MIA,1/14/2022,A,ATL,118,MIA,124
202201150ATL,1/15/2022,H,ATL,108,NYK,117
202201190ATL,1/19/2022,H,ATL,134,MIN,122
202201210ATL,1/21/2022,H,ATL,110,MIA,108
202201280ATL,1/28/2022,H,ATL,108,BOS,92
202201310ATL,1/31/2022,H,ATL,100,TOR,106
202112250NYK,12/25/2021,A,ATL,87,NYK,101
202112220ATL,12/22/2021,H,ATL,98,ORL,104
202203300BOS,3/30/2022,A,MIA,106,BOS,98
202203250MIA,3/25/2022,H,MIA,103,NYK,111
202203070MIA,3/7/2022,H,MIA,123,HOU,106
202202250NYK,2/25/2022,A,MIA,115,NYK,100
202202070WAS,2/7/2022,A,MIA,121,WAS,100
202110250MIA,10/25/2021,H,MIA,107,ORL,90
202111040MIA,11/4/2021,H,MIA,78,BOS,95
202111060MIA,11/6/2021,H,MIA,118,UTA,115
202111080DEN,11/8/2021,A,MIA,96,DEN,113
202111180MIA,11/18/2021,H,MIA,112,WAS,97
202111200WAS,11/20/2021,A,MIA,100,WAS,103
202111240MIN,11/24/2021,A,MIA,101,MIN,113
202112260MIA,12/26/2021,H,MIA,93,ORL,83
202112280MIA,12/28/2021,H,MIA,119,WAS,112
202112310HOU,12/31/2021,A,MIA,120,HOU,110
202201170MIA,1/17/2022,H,MIA,104,TOR,99
202201260MIA,1/26/2022,H,MIA,110,NYK,96
202201290MIA,1/29/2022,H,MIA,120,TOR,124
202202010TOR,2/1/2022,A,MIA,106,TOR,110
202204030TOR,4/3/2022,A,MIA,114,TOR,109
202203120MIA,3/12/2022,H,MIA,104,MIN,113
202203090MIA,3/9/2022,H,MIA,90,PHO,111
202111130UTA,11/13/2021,A,MIA,111,UTA,105
202111290MIA,11/29/2021,H,MIA,111,DEN,120
202201310BOS,1/31/2022,A,MIA,92,BOS,122
202112170ORL,12/17/2021,A,MIA,115,ORL,105
202201080PHO,1/8/2022,A,MIA,123,PHO,100
202204080TOR,4/8/2022,A,HOU,115,TOR,117
202204030HOU,4/3/2022,H,HOU,132,MIN,139
202203210HOU,3/21/2022,H,HOU,115,WAS,97
202203160HOU,3/16/2022,H,HOU,112,PHO,129
202203040DEN,3/4/2022,A,HOU,101,DEN,116
202203020HOU,3/2/2022,H,HOU,127,UTA,132
202202250ORL,2/25/2022,A,HOU,111,ORL,119
202202140UTA,2/14/2022,A,HOU,101,UTA,135
202202100HOU,2/10/2022,H,HOU,120,TOR,139
202110200MIN,10/20/2021,A,HOU,106,MIN,124
202110240HOU,10/24/2021,H,HOU,97,BOS,107
202110280HOU,10/28/2021,H,HOU,91,UTA,122
202111040PHO,11/4/2021,A,HOU,111,PHO,123
202111060DEN,11/6/2021,A,HOU,94,DEN,95
202111140HOU,11/14/2021,H,HOU,89,PHO,115
202201010HOU,1/1/2022,H,HOU,111,DEN,124
202201050WAS,1/5/2022,A,HOU,114,WAS,111
202201090HOU,1/9/2022,H,HOU,123,MIN,141
202201190UTA,1/19/2022,A,HOU,116,UTA,111
202112030HOU,12/3/2021,H,HOU,118,ORL,116
202202160PHO,2/16/2022,A,HOU,121,PHO,124
202111200NYK,11/20/2021,A,HOU,99,NYK,106
202111220BOS,11/22/2021,A,HOU,90,BOS,108
202112160HOU,12/16/2021,H,HOU,103,NYK,116
202204010ORL,4/1/2022,A,TOR,102,ORL,89
202203300TOR,3/30/2022,H,TOR,125,MIN,102
202203280TOR,3/28/2022,H,TOR,115,BOS,112
202203120DEN,3/12/2022,A,TOR,127,DEN,115
202203110PHO,3/11/2022,A,TOR,117,PHO,112
202203040TOR,3/4/2022,H,TOR,97,ORL,103
202202160MIN,2/16/2022,A,TOR,103,MIN,91
202202120TOR,2/12/2022,H,TOR,109,DEN,110
202111100BOS,11/10/2021,A,TOR,88,BOS,104
202111180UTA,11/18/2021,A,TOR,103,UTA,119
202111280TOR,11/28/2021,H,TOR,97,BOS,109
202112050TOR,12/5/2021,H,TOR,102,WAS,90
202112100TOR,12/10/2021,H,TOR,90,NYK,87
202201020TOR,1/2/2022,H,TOR,120,NYK,105
202201070TOR,1/7/2022,H,TOR,122,UTA,108
202201110TOR,1/11/2022,H,TOR,95,PHO,99
202201210WAS,1/21/2022,A,TOR,109,WAS,105
202110200TOR,10/20/2021,H,TOR,83,WAS,98
202110220BOS,10/22/2021,A,TOR,115,BOS,83
202110290TOR,10/29/2021,H,TOR,110,ORL,109
202111010NYK,11/1/2021,A,TOR,113,NYK,104
202111030WAS,11/3/2021,A,TOR,109,WAS,100
202204080UTA,4/8/2022,A,PHO,111,UTA,105
202203240DEN,3/24/2022,A,PHO,140,DEN,130
202203230MIN,3/23/2022,A,PHO,125,MIN,116
202202270PHO,2/27/2022,H,PHO,114,UTA,118
202202120PHO,2/12/2022,H,PHO,132,ORL,105
202202050WAS,2/5/2022,A,PHO,95,WAS,80
202110200PHO,10/20/2021,H,PHO,98,DEN,110
202111150MIN,11/15/2021,A,PHO,99,MIN,96
202111210PHO,11/21/2021,H,PHO,126,DEN,97
202111260NYK,11/26/2021,A,PHO,118,NYK,97
202112100PHO,12/10/2021,H,PHO,111,BOS,90
202112160PHO,12/16/2021,H,PHO,118,WAS,98
202112310BOS,12/31/2021,A,PHO,108,BOS,123
202201240PHO,1/24/2022,H,PHO,115,UTA,109
202201260UTA,1/26/2022,A,PHO,105,UTA,97
202201280PHO,1/28/2022,H,PHO,134,MIN,124
202203080ORL,3/8/2022,A,PHO,102,ORL,99
202203040PHO,3/4/2022,H,PHO,115,NYK,114
202203230BOS,3/23/2022,A,UTA,97,BOS,125
202203200NYK,3/20/2022,A,UTA,108,NYK,93
202202110UTA,2/11/2022,H,UTA,114,ORL,99
202202070UTA,2/7/2022,H,UTA,113,NYK,104
202110260UTA,10/26/2021,H,UTA,122,DEN,110
202111070ORL,11/7/2021,A,UTA,100,ORL,107
202112030UTA,12/3/2021,H,UTA,137,BOS,130
202112080MIN,12/8/2021,A,UTA,136,MIN,104
202112110WAS,12/11/2021,A,UTA,123,WAS,98
202112180UTA,12/18/2021,H,UTA,103,WAS,109
202112230UTA,12/23/2021,H,UTA,128,MIN,116
202112310UTA,12/31/2021,H,UTA,120,MIN,108
202201160DEN,1/16/2022,A,UTA,125,DEN,102
202201050DEN,1/5/2022,A,UTA,115,DEN,109
202201300MIN,1/30/2022,A,UTA,106,MIN,126
202202020UTA,2/2/2022,H,UTA,108,DEN,104
202204080WAS,4/8/2022,A,NYK,114,WAS,92
202204030ORL,4/3/2022,A,NYK,118,ORL,88
202203180NYK,3/18/2022,H,NYK,100,WAS,97
202202080DEN,2/8/2022,A,NYK,115,DEN,132
202110200NYK,10/20/2021,H,NYK,138,BOS,134
202110220ORL,10/22/2021,A,NYK,121,ORL,96
202110240NYK,10/24/2021,H,NYK,104,ORL,110
202111170NYK,11/17/2021,H,NYK,98,ORL,104
202112040NYK,12/4/2021,H,NYK,99,DEN,113
202112280MIN,12/28/2021,A,NYK,96,MIN,88
202201060NYK,1/6/2022,H,NYK,108,BOS,105
202201080BOS,1/8/2022,A,NYK,75,BOS,99
202201180NYK,1/18/2022,H,NYK,110,MIN,112
202112230NYK,12/23/2021,H,NYK,117,WAS,124
202112180BOS,12/18/2021,A,NYK,107,BOS,114
202204050MIN,4/5/2022,A,WAS,132,MIN,114
202204030BOS,4/3/2022,A,WAS,102,BOS,144
202203300WAS,3/30/2022,H,WAS,127,ORL,110
202203160WAS,3/16/2022,H,WAS,109,DEN,127
202201090ORL,1/9/2022,A,WAS,102,ORL,100
202201120WAS,1/12/2022,H,WAS,112,ORL,106
202201230WAS,1/23/2022,H,WAS,87,BOS,116
202110270BOS,10/27/2021,A,WAS,116,BOS,107
202110300WAS,10/30/2021,H,WAS,115,BOS,112
202111130ORL,11/13/2021,A,WAS,104,ORL,92
202112010WAS,12/1/2021,H,WAS,115,MIN,107
202112130DEN,12/13/2021,A,WAS,107,DEN,113
202203110ORL,3/11/2022,H,ORL,118,MIN,110
202202140DEN,2/14/2022,A,ORL,111,DEN,121
202202060ORL,2/6/2022,H,ORL,83,BOS,116
202111010MIN,11/1/2021,A,ORL,115,MIN,97
202111030ORL,11/3/2021,H,ORL,79,BOS,92
202112010ORL,12/1/2021,H,ORL,108,DEN,103
202201020BOS,1/2/2022,A,ORL,111,BOS,116
202204010DEN,4/1/2022,H,DEN,130,MIN,136
202203200DEN,3/20/2022,H,DEN,104,BOS,124
202202110BOS,2/11/2022,A,DEN,102,BOS,108
202110300MIN,10/30/2021,A,DEN,93,MIN,91
202112150DEN,12/15/2021,H,DEN,107,MIN,124
202202010MIN,2/1/2022,A,DEN,115,MIN,130
202203270BOS,3/27/2022,H,BOS,134,MIN,112
202112270MIN,12/27/2021,A,BOS,103,MIN,108
